mean,std,cp,cpk,sigma_level,pce_percent,muda_hrs,overall_status
100.02601913651269,0.9402942397036785,1.0634968904150013,1.054273133490826,3.1628194004724777,81.11425873465534,2.0,FAILED
